{"average_wait_times":[0.9966666666666667,0.93521,0.9042733333333334,0.8746366666666666,0.8485066666666666,0.8194533333333334,0.7924533333333333,0.7683933333333334,0.7435833333333334,0.7201466666666667,0.5332133333333333,0.41398,0.3321,0.2761733333333333,0.2361,0.20423666666666668,0.18074333333333334,0.16238666666666668,0.14576333333333333,0.07449,0.05034333333333333,0.03686333333333333,0.029966666666666666,0.024676666666666666,0.020973333333333333,0.01888,0.016226666666666667,0.015183333333333333,0.00766,0.004843333333333333,0.00369,0.0028933333333333333,0.0023966666666666667,0.0021133333333333334,0.0019566666666666665,0.00154,0.00146],"processors":300,"memory":[1,20,30,40,50,60,70,80,90,100,200,300,400,500,600,700,800,900,1000,2000,3000,4000,5000,6000,7000,8000,9000,10000,20000,30000,40000,50000,60000,70000,80000,90000,100000],"cycles":1000}
