{"average_wait_times":[0.995,0.951105,0.90408,0.860785,0.81951,0.778045,0.742105,0.707765,0.67621,0.645295,0.618415,0.61609,0.41314,0.30168,0.234025,0.19216,0.16176,0.13948,0.120365,0.11021,0.09848,0.098565,0.049355,0.03327,0.02507,0.020065,0.016855,0.01411,0.01217,0.011095,0.01007,0.00968,0.004955,0.003035,0.002485,0.002065,0.001685,0.001375,0.00129,0.00116,0.00106],"processors":200,"memory":[1,10,20,30,40,50,60,70,80,90,100,100,200,300,400,500,600,700,800,900,1000,1000,2000,3000,4000,5000,6000,7000,8000,9000,10000,10000,20000,30000,40000,50000,60000,70000,80000,90000,100000],"cycles":1000}
