{"average_wait_times":[0.99,0.90376,0.8175,0.74301,0.67343,0.61524,0.56579,0.51785,0.47571,0.44346,0.41429,0.41186,0.23077,0.15961,0.12056,0.09731,0.08366,0.07021,0.06132,0.05411,0.04962,0.05009,0.02459,0.01709,0.01246,0.01007,0.00811,0.0073,0.00665,0.0056,0.00512,0.00523,0.00264,0.00194,0.00117,0.00097,0.00074,0.00069,0.00063,0.00055,0.00055],"processors":100,"memory":[1,10,20,30,40,50,60,70,80,90,100,100,200,300,400,500,600,700,800,900,1000,1000,2000,3000,4000,5000,6000,7000,8000,9000,10000,10000,20000,30000,40000,50000,60000,70000,80000,90000,100000],"cycles":1000}
